"Same", "Same", 1
"Same", "Same", 1

"Utkonos", "Полотенца бумажные Veiro Classic белые 2-х слойные 4 рулона", 10100
"Komus", "Полотенца бумажные VEIRO Classic 2-сл.,с тисн., 4рул./уп.", 10073

"Utkonos", "Сыр Умалат Адыгейский 45%, 370г в/у", 24100
"Cont", "Сыр Адыгейский  45% 370г Умалат", 23000

"Cont", "Кофе Nescafe Classic (Нескафе Классик) растворимый 50г ж/б", 7290
"Utkonos", "Кофе Nescafe Classic растворимый 50г ж/б", 8910

"Utkonos", "Нож Samura Eco кухонный универсальный, 125 мм", 85900
"Komus", "Нож кухонный  Samura Eco  универ.12,5см черная керам.SC-0021B", 129887

"Cont", "Гуляш с макаронами \СытоЕдов\ 0,35кг замороженное блюдо", 15000
"Utkonos", "Гуляш Сытоедов с макаронами 350г", 15000

"Komus", "Молоко Parmalat  1,8% 1000мл", 5882
"Utkonos", "Молоко Parmalat ультрапастеризованное 1,8%, 1л", 6530

"Cont", "Азу с рисом \СытоЕдов\ 350г замороженное блюдо", 15000
"Utkonos", "Азу Сытоедов с рисом 350г", 15000

"Cont", "Малина 125г", 34000
"Utkonos", "Малина 125г", 49900

"Cont", "Коктейль из морепродуктов \Меридиан\ в масле 200г мультивак", 13000
"Utkonos", "Коктейль Меридиан из морепродуктов в масле 200г", 13000

"Cont", "Физалис 100г", 14000
"Utkonos", "Физалис 100г", 14500

"Cont", "Нектар \Любимый\ яблоко 1,93л", 11000
"Utkonos", "Нектар Любимый Яблоко 1,93л", 10200

"Cont", "Нектар \Фруктовый сад\ абрикос-яблоко с мякотью 1,93л", 7890
"Utkonos", "Нектар Фруктовый сад абрикосово-яблочный с мякотью 1,93л", 11000

"Cont", "Нектар \Фруктовый сад\ груша и яблоко с мякотью 0,95л", 6790
"Utkonos", "Нектар Фруктовый сад грушево-яблочный с мякотью 0,95л", 6160

"Cont", "Нектар Фруктовый сад яблоко-виноград осветленный 1,93л", 7890
"Utkonos", "Нектар Фруктовый сад яблочно-виноградный осветленный 1,93л", 11000

"Cont", "Нектар Фруктовый сад груша и яблоко с мякотью 1,93л", 12000
"Utkonos", "Нектар Фруктовый сад грушево-яблочный с мякотью 1,93л", 12200

"Cont", "Нектар Любимый апельсин 1,93л", 11000
"Utkonos", "Нектар Любимый Апельсин 1,93л", 10200

"Cont", "Нектар Любимый мультифрукт 1,93л", 11000
"Utkonos", "Нектар Любимый Мультифруктовый 1,93л", 10500

"Cont", "Нектар Фруктовый сад персик-яблоко с мякотью 1,93л", 7890
"Utkonos", "Нектар Фруктовый сад персиково-яблочный с мякотью 1,93л", 11000

"Cont", "Нектар Фруктовый сад апельсин с мякотью 1,93л", 7890
"Utkonos", "Нектар Фруктовый сад апельсиновый с мякотью 1,93л", 11000

"Cont", "Нектар Фруктовый сад ананас 0,95л", 5890
"Utkonos", "Нектар Фруктовый сад ананасовый, 0,95л", 6090

"Komus", "Молоко Простоквашино 2,5% 0,95л", 6898
"Utkonos", "Молоко Простоквашино ультрапастеризованное 2,5%, 0,95л", 5900

"Komus", "Кофе растворимый Nescafe Gold (190г, стекло)", 39720
"Utkonos", "Кофе Nescafe Gold растворимый 190г стекло", 39900

"Cont", "Масло сливочное Рузское 82,5% 175г", 17000
"Utkonos", "Масло сливочное традиционное Рузское 82,5%, 175г", 16500

"Cont", "Семга Русское море слабосоленая 120г ломтики", 24000
"Utkonos", "Семга Русское море нарезка слабосоленая в/у 120г", 25100

"Cont", "Нектар Фруктовый сад груша и яблоко с мякотью 1,93л", 12000
"Utkonos", "Нектар Фруктовый сад грушево-яблочный с мякотью 1,93л", 12200

"Cont", "Кольца кальмара сушеные 70г Сухогруз", 19000
"Utkonos", "Кальмар Сухогруз сушеный кольца, 70г", 18000

"Cont", "Напиток Pepsi Light (Пепси лайт) газированный 0,33л ж/б", 3190
"Utkonos", "Напиток Pepsi Light 0,33 л ж/б", 3160

"Cont", "Молоко Простоквашино 2,5% 0,95л ультрапастеризованное пакет", 6190
"Utkonos", "Молоко Простоквашино ультрапастеризованное 2,5%, 0,95л", 5900

"Cont", "Молоко Простоквашино топленое 4% 0,93л", 6790
"Utkonos", "Молоко Простоквашино топленое 4%, 0,93л", 6630

"Cont", "Молоко Можайское 1,5% 0,45л стерилизованное ст/бут", 6590
"Utkonos", "Молоко Можайское стерилизованное питьевое 1,5%, 0,45л", 6720

"Cont", "Молоко Простоквашино 1,5% 0,95л ультрапастеризованное", 6590
"Utkonos", "Молоко Простоквашино ультрапастеризованное 1,5%, 0,95л", 6650

"Cont", "Творог Благода 7,5% низкокалорийный 200г", 7790
"Utkonos", "Творог Благода низкокалорийный, 7,5% 200г", 6860

"Cont", "Сметана Простоквашино 15% 350г", 4990
"Utkonos", "Сметана Простоквашино 15%, 350г", 5900

"Cont", "Масло сливочное Из Вологды Вологодское 82,5% 180г", 16000
"Utkonos", "Масло Из Вологды Традиционное сливочное 82,5%, 180г", 17700

"Cont", "Масло сливочное Рузское 82,5% 175г", 17000
"Utkonos", "Масло сливочное традиционное Рузское 82,5%, 175г", 16500

"Cont", "Йогурт питьевой Чудо Коллекция Шоколадная страчателла 3,4% 270г", 4290
"Utkonos", "Йогурт Чудо Коллекция Шоколадная страчателла 3,4%, 270г", 3820

"Cont", "Йогурт питьевой Чудо Коллекция Малиновое фраппе 2,5% 270г", 4290
"Utkonos", "Йогурт Чудо Коллекция Малиновое фраппе 2,5%, 270г", 3820

"Cont", "Десерт творожный Чудо Коллекция Тропический мусс 4,2% 100г пл/ст", 3000
"Utkonos", "Десерт творожный Чудо Коллекция Тропический мусс 4,2%, 100г", 3100

"Cont", "Сельдь Селедочка Столичная традиционная в масле 250г в/уп Русское море", 9790
"Utkonos", "Сельдь Русское море Столичная традиционная в масле 250г", 9450

"Cont", "Макаронные изделия Ameria (Америя) №42 спиральки 400г", 2820
"Utkonos", "Макароны Аmeria спиральки №42 400г", 3130

"Cont", "Хлопья 4-вида зерновых Nordic (Нордик) с овсяными отрубями 600г Финляндия", 13000
"Utkonos", "Хлопья Nordic 4 вида зерновых с овсяными отрубями 600г", 12600

"Cont", "Соль пищевая Атлантика морская йодированная мелкая 500г картон.коробка", 4190
"Utkonos", "Соль Атлантика пищевая морская мелкая 500г", 4190

"Cont", "Соль пищевая Атлантика морская йодированная мелкая 500г бум/туба", 6290
"Utkonos", "Соль Атлантика морская пищевая мелкая йодированная 500г", 7000

"Cont", "Суп Maggi (Магги) звездочки 54г", 2320
"Utkonos", "Суп Maggi Звездочки 54г", 2450

"Cont", "Лапша Роллтон по-домашнему курица 100г лоток", 2790
"Utkonos", "Лапша Роллтон куриная по-домашнему 100г контейнер", 3250

"Cont", "Готовый завтрак Nestle Kosmostars (Нестле Космостарс) медовые звездочки 325г", 14000
"Utkonos", "Готовый завтрак Nestle Kosmostars звездочки и ракеты медовые 325г", 14800

"Cont", "Чипсы Lorenz (Лоренц) Naturals картофельные морская соль и перец 110г", 15000
"Utkonos", "Чипсы Lorenz картофельные Naturals с морской солью и перцем 110г", 10900

"Cont", "Приправа Cykoria Gold (Цикория Голд) для жарки мяса 25г пакет", 4090
"Utkonos", "Приправа Cykoria Gold для жарки мяса 25г", 4120

"Cont", "Приправа Cykoria (Цикория) для рыбы 40г пакет", 3190
"Utkonos", "Приправа Cykoria для рыбы 40г", 3310

"Cont", "Майонез Скит провансаль 67% 450мл дойпак", 5490
"Utkonos", "Майонез Скит провансаль с дозатором 67% 450мл", 5410

"Cont", "Сухарики Три корочки ржаные с томатом и зеленью 100г", 2810
"Utkonos", "Сухарики ржаные Три корочки со вкусом томата и зелени 100г", 2780

"Cont", "Сухарики Три корочки пшеничные грибы в сметане 40г пакет Россия", 1370
"Utkonos", "Сухарики пшеничные Три корочки Золотистые со вкусом грибов в сметане 40г", 1480

"Cont", "Хлебцы Круазетт ржано-пшеничные с сыром 200г", 6690
"Utkonos", "Хлебцы Круазетт хрустящие ржано-пшеничные с кунжутом 200г", 7250

"Cont", "Печенье Elsa`s Story (Эльза Стори) сливочное с малиной 100г", 22000
"Utkonos", "Печенье Elsa`s Story с малиновой начинкой 100г", 17900

"Cont", "Печенье Юбилейное кокосовое с молочной глазурью 130г флоупак", 2880
"Utkonos", "Печенье Юбилейное молочное с глазурью 130г", 2870

"Cont", "Шоколад Бабаевский Элитный горький 75% какао 100г", 7690
"Utkonos", "Шоколад Бабаевский Элитный 75% горький 100г", 7190

"Cont", "Шоколад Alpen Gold (Альпен Гольд) молочный капучино 90г", 4390
"Utkonos", "Шоколад Alpen Gold молочный капучино 90г", 4470

"Cont", "Шоколад Milka (Милка) молочный 250г", 17000
"Utkonos", "Шоколад Milka молочный 250г", 14900

"Cont", "Шоколад Milka (Милка) молочный с цельным фундуком 100г", 5590
"Utkonos", "Шоколад Milka молочный с цельным фундуком 100г", 6300

"Cont", "Шоколад Вдохновение классический 100г", 8390
"Utkonos", "Шоколад Вдохновение классический 100г", 8550

"Cont", "Рулет Черемушки Сдобная особа с шоколадной начинкой 400г коробка", 13000
"Utkonos", "Рулет Черемушки Сдобная особа с маковой начинкой 400г", 11900

"Cont", "Чай Maitre (Мэтр) зеленый листовой Горный 100г к/кор", 14000
"Utkonos", "Чай Maitre зеленый листовой Горный 100г", 12900

"Cont", "Кофе Nescafe Gold (Нескафе Голд) растворимый сублимированный 250г пакет", 63000
"Utkonos", "Кофе Nescafe Gold растворимый сублимированный 250г пакет", 50000

"Cont", "Кофе Jacobs Monarch (Якобс Монарх) растворимый натуральный сублимированный 150г п/п", 25400
"Utkonos", "Кофе Jacobs Monarch натуральный растворимый сублимированный, 150г пакет", 22900

"Cont", "Кофе Nescafe Classic (Нескафе Классик) растворимый 100г ж/б", 17000
"Utkonos", "Кофе Nescafe Classic растворимый 100г ж/б", 14600

"Cont", "Горошек зеленый Globus (Глобус) 400г ж/б", 4090
"Utkonos", "Горошек Globus зеленый 400г ж/б", 6350

"Cont", "Маслины Maestro de Oliva (Маэстро де Олива) отборные без косточки черные 360г", 12000
"Utkonos", "Маслины черные Maestro de Oliva отборные без косточек, 360г", 15800

"Cont", "Капуста брокколи Hortex (Хортекс) 400г замороженная", 7590
"Utkonos", "Капуста Hortex брокколи замороженная 400г", 12200

"Cont", "Гуляш с макаронами СытоЕдов 350г замороженное блюдо", 15000
"Utkonos", "Гуляш Сытоедов с макаронами 350г", 15000

"Cont", "Макароны по-флотски СытоЕдов 300г замороженное блюдо", 9990
"Utkonos", "Макароны Сытоедов по-флотски 300г", 9950

"Cont", "Мясо тушеное с черносливом и картофелем фри СытоЕдов 350г замороженное блюдо", 16100
"Utkonos", "Мясо Сытоедов тушеное с черносливом и картофелем фри 350г", 16900

"Cont", "Азу с рисом СытоЕдов 350г замороженное блюдо", 15000
"Utkonos", "Азу Сытоедов с рисом 350г", 15000

"Cont", "Наггетсы Золотой Петушок из мяса цыпленка традиционные 300г замороженные", 9990
"Utkonos", "Наггетсы Золотой петушок из мяса цыпленка Традиционные, 300г", 10900

"Cont", "Филе окуня по-командорски с картофельным пюре Сытоедов 350г замороженное блюдо", 17000
"Utkonos", "Филе окуня Сытоедов по-командорски с картофельным пюре, 350г", 15000

"Cont", "Пельмешки жареные с говядиной и свининой Обожамс 280г замороженное блюдо", 7690
"Utkonos", "Пельмешки Обожамс жареные с говядиной и свининой 280г", 8450

"Cont", "Йогурт питьевой Растишка земляника 1,6% 4х90г Данон", 8790
"Utkonos", "Йогурт Растишка питьевой Земляника 1,6%, 4*90г", 8130

"Cont", "Пюре детское мясное Тема говядина с печенью 100г ж/б", 5090
"Utkonos", "Пюре мясное Тема говядина с печенью 100г", 5020

"Utkonos", "Сосиски Велком Докторские в вакууме, 440г", 22400
"Cont", "Сосиски "Докторские" 440г в/у Велком", 24000

"Utkonos", "Йогурт Valio питьевой с клубникой 0,4%, 330г", 5170
"Cont", "Йогурт питьевой "Valio" (Валио) с клубникой обезжиренный 0,4% 330г", 4190

"Utkonos", "Икра Русское море минтая 130г ж/б", 7070
"Cont", "Икра минтая "Русское море" пробойная соленая 130г ж/б", 6590

"Utkonos", "Торт Черемушки Чародейка 650г", 20400
"Cont", "Торт "Чародейка" бисквитный 0,65кг Черемушки", 19000

"Utkonos", "Конфеты Красный октябрь Кара-Кум 250г", 14000
"Cont", "Конфеты шоколадные "Кара-кум" 250 г пакет Красный Октябрь", 15000

"Utkonos", "Полотенца бумажные Veiro Classic белые 2-х слойные 4 рулона", 10100
"Komus", "Полотенца бумажные VEIRO Classic 2-сл.,с тисн., 4рул./уп. 5п24", 10073

"Utkonos", "Мыло Ушастый нянь детское хозяйственное отбеливающее, 180г", 3990
"Komus", "Мыло хозяйственное 180г УШАСТЫЙ НЯНЬ против пятен (детское)", 3352

"Utkonos", "Дезодорант Dove Невидимый спрей 150мл", 16100
"Komus", "Дезодорант DOVE Дезодорант аэрозоль антиперспирант Невидимый 150мл", 15322

"Utkonos", "Пена для бритья Gillette Sensitive Skin для чувствительной кожи, 200мл", 9000
"Komus", "Пена для бритья GILLETTE Sensitive Skin для чувствительной кожи 200мл", 11990

"Utkonos", "Бальзам Gliss Kur Жидкий шелк для ломких, лишенных блеска волос, 200мл", 17500
"Komus", "Бальзам GLISS KUR Жидкий Шелк GLOSS 200мл", 18744

"Utkonos", "Бальзам Syoss Color Protect для окрашенных и тонированных волос, 500мл", 24000
"Komus", "Бальзам SYOSS COLOR для окрашенных тонированных волос 500мл", 26445

"Utkonos", "Лак для волос Londatrend ультра сильная фиксация, 250мл", 17500
"Komus", "Лак для волос LONDATREND ультра-сильной фиксации 250мл", 19046

"Utkonos", "Шампунь Schauma для мужчин с хмелем для ежедневного использования 380мл", 11900
"Komus", "Шампунь SCHAUMA для мужчин с хмелем 380мл", 11410

"Utkonos", "Шампунь Syoss Volume lift дополнительный объем и сила волос для тонких и ослабленных волос, 500мл", 24000
"Komus", "Шампунь SYOSS VOLUME LIFT для тонких ослабленных волос 500мл", 26187

"Utkonos", "Шампунь Timotei Роскошный объем для тонких волос лишенных объема, 400мл", 11100
"Komus", "Шампунь TIMOTEI Роскошный Объем 400мл", 11891

"Utkonos", "Зубная паста Colgate тройное действие 100 мл", 4740
"Komus", "Зубная паста Colgate Тройное действие (100мл)", 5345

"Utkonos", "Зубная щетка Colgate ЗигЗаг средней жесткости", 3960
"Komus", "Зубная щетка COLGATE ЗигЗаг средней жесткости", 4680

"Utkonos", "Подгузники Huggies Ultra Comfort для девочек 3, 5-9кг 94шт", 109000
"Komus", "Подгузники HUGGIES Ultra Comfort 3 для девочек 5-9кг,94шт", 99000

"Utkonos", "Подгузники Huggies Ultra Comfort для мальчиков 4+, 10-16кг 68шт", 109000
"Komus", "Подгузники HUGGIES Ultra Comfort 4+ для мальчиков 10-16кг,68шт", 99000

"Utkonos", "Подгузники Merries M 6-11 кг, 64шт", 130000
"Komus", "Подгузники MERRIES 6-11кг,64шт", 129900

"Utkonos", "Подгузники Pampers Premium Care 4-9кг, 3 размер, 120шт", 170500
"Komus", "Подгузники Pampers Premium Care 4-9 кг (3 размер, midi), 120 шт.", 158423

"Utkonos", "Подгузники Pampers Premium Care 3-6кг, 2 размер, 90шт", 115500
"Komus", "Подгузники Pampers Premium Care 3-6 кг (2 размер, mini), 90 шт.", 105615

"Utkonos", "Подгузники Pampers Sleep&Play 4-9кг, 3 размер, 100шт", 105500
"Komus", "Подгузники Pampers Sleep & Play 4-9 кг (3 размер, midi), 100 шт.", 97945

"Utkonos", "Подгузники Libero Every day Maxi 7-18кг, 66шт", 75000
"Komus", "Подгузники Libero Every Day Maxi 7-18кг,66шт(5518)", 74900

"Utkonos", "Подгузники Pampers Premium Care 7-14кг, 4 размер, 104шт", 199000
"Komus", "Подгузники Pampers Premium Care 7-14 кг (4 размер, maxi), 104 шт.", 198272

"Utkonos", "Подгузники - трусики Pampers Active Girl 9-14кг, 4 размер, 104шт", 180000
"Komus", "Подгузники -трусики PAMPERS Active Girl Maxi 9-14кг,104шт", 175893

"Utkonos", "Подгузники - трусики Pampers Active Boy 9-14кг, 4 размер, 104шт", 180000
"Komus", "Подгузники -трусики PAMPERS Active Boy Maxi 9-14кг,104шт", 175893

"Utkonos", "Подгузники Libero Newborn Mini 3-6кг, 94шт", 114000
"Komus", "Подгузники Libero Newborn Mini 3-6кг,94шт(5564)", 116929

"Utkonos", "Подгузники трусики Libero Up&Go Maxi 7-11кг, 74шт", 133500
"Komus", "Подгузники -трусики Libero Up&Go Maxi 7-11кг,74шт(5519)", 128184

"Utkonos", "Подгузники Pampers New Baby-Dry 3-6кг, 2 размер, 94шт", 92200
"Komus", "Подгузники Pampers New Baby-Dry Размер 2 (Мини), 3-6кг, 94 шт.", 88001

"Utkonos", "Подгузники Pampers Sleep&Play 7-14кг, 4 размер, 86шт", 105500
"Komus", "Подгузники Pampers Sleep & Play 7-14 кг (4 размер, maxi), 86 шт.", 97945

"Utkonos", "Подгузники в форме трусиков Libero Dry Pants Maxi 7-11кг, 54шт", 83900
"Komus", "Подгузники -трусики Libero Dry Pants Maxi 7-11кг,54шт(5567)", 81416

"Utkonos", "Подгузники Libero Comfort Maxi 7-14кг, 80шт", 117000
"Komus", "Подгузники Libero Comfort Maxi 7-14кг,80шт(5528)", 116929

"Utkonos", "Подгузники Libero Comfort Maxi plus 10 - 16кг, 72шт", 117000
"Komus", "Подгузники Libero Comfort Maxi Plus 10-16кг,72шт(5529)", 116929

"Utkonos", "Подгузники - трусики Pampers Active Girl 9-14кг, 4 размер, 52шт", 119500
"Komus", "Подгузники -трусики PAMPERS Active Girl Maxi 9-14кг,52шт", 97719

"Utkonos", "Подгузники - трусики Pampers Active Girl 12-18кг, 5 размер, 48шт", 119500
"Komus", "Подгузники -трусики PAMPERS Active Girl Junior 12-18кг,48шт", 97719

"Utkonos", "Подгузники - трусики Pampers Active Boy 12-18кг, 5 размер, 48шт", 98000
"Komus", "Подгузники -трусики PAMPERS Active Boy Junior 12-18кг,48шт", 97719

"Utkonos", "Подгузники Pampers Premium Care 4-9кг, 3 размер, 80шт", 114500
"Komus", "Подгузники Pampers Premium Care 4-9 кг (3 размер, midi), 80 шт.", 105615

"Utkonos", "Подгузники Pampers Premium Care 7-14кг, 4 размер, 66шт", 146000
"Komus", "Подгузники Pampers Premium Care 7-14 кг (4 размер, maxi), 66 шт.", 135522

"Utkonos", "Подгузники - трусики Pampers Active Girl 12-18кг, 5 размер, 96шт", 180000
"Komus", "Подгузники -трусики PAMPERS Active Girl Junior 12-18кг,96шт", 175893

"Utkonos", "Подгузники - трусики Pampers Active Boy 12-18кг, 5 размер, 96шт", 180000
"Komus", "Подгузники -трусики PAMPERS Active Boy Junior 12-18кг,96шт", 175893

"Utkonos", "Подгузники Pampers Sleep&Play 11-18кг, 5 размер, 74шт", 105500
"Komus", "Подгузники PAMPERS Sleep&Play Junior 11-18кг,74шт", 97945

"Utkonos", "Порошок для посудомоечных машин Calgonit Finish 1кг", 31900
"Komus", "Порошок для посудомоечных машин  Finish (Calgonit) 1кг", 37318

"Utkonos", "Освежитель воздуха Ambi Pur Дождь и лето 300мл", 21500
"Komus", "Освежитель воздуха Ambi Pur «Дождь и Лето», 300мл.", 27854

"Utkonos", "Бальзам Syoss Volume lift дополнительный объем и сила волос для тонких и ослабленных, 500мл", 24000
"Komus", "Бальзам SYOSS VOLUME LIFT для тонких ослабленных волос 500мл", 26444
